transaction_hash,transaction_index,block_number,gas_used,effective_gas_price,base_fee_per_gas,earn_txn_fee
0x2d7c77153a3f3b70780ee6ecdf6d6dea06880390fe367c95c1c36f65a9ba7662,0,19000043,21000,90000000000,17203438583,1528727789757000
0x2b659501aa51f597a41c79923af5e233a595437e24593d4cb8d8e8bf1e4aa11e,1,19000043,47188,32203438583,17203438583,707820000000000
0xfa06f2d1c5943385ebe9ff6f458f0545e2e834b0fd76bb006e22374cd5f00667,2,19000043,46551,26752118875,17203438583,444500616272892
0xb3ef989087da97622c0888e8387de57e358d2e9034bdcc902931619b59cdd502,3,19000043,21000,26400000000,17203438583,193127789757000
0x0b072d87b3541e1eb0d4abda585000f0530d2e995d3087790d04e5d8c9e62393,4,19000043,46577,25000000000,17203438583,363140441119609
0x36c5ac4e0af84c3993ea9bdf6c4dd870b73603e1ef95818cb3c063d2f62de8da,5,19000043,46577,22203438583,17203438583,232885000000000
0x637e4c9c44c8a0880f0a41bada943ee7c371b4328f895fabff45a3d444b519d6,6,19000043,63209,22159000000,17203438583,313236081607153
0xaa969d5414c2319bd65ef0f398713c28fd551ca2c1284fb5dc3d4f8415cc6cac,7,19000043,288384,22036911292,17203438583,1393896193712256
0x87cb91fe61b6d1c06c915b23cc5ddcfe2506c46d236162b769a4c9242cc8bdf4,8,19000043,21000,21583909549,17203438583,91989890286000
0x543515bb903b137fcfd0bfb5f2bb46946e1bc0d03520bb947d193d500ebdf449,9,19000043,46109,21524438583,17203438583,199236989000000
0xb74d9f19debeb434abadf307bf43d5eeb2270aed3e7a94095827cea440024be7,10,19000043,21000,21524438583,17203438583,90741000000000
0xb95502b84bef4df5e0b5a58fbe2d119dbe2e46b42531c39e9ae5fe6e229a5c8c,11,19000043,63209,21524438583,17203438583,273126089000000
0xb456e0470e69c12d55cdac9ddc74ed1aa85bed401dc5b69e3c458047074ee9cb,12,19000043,21000,21000000000,17203438583,79727789757000
0xfb279c63a5838ec5c69a793307a9134e40da263c13f02b99fc581959ddbafbb3,13,19000043,21000,20600379320,17203438583,71335755477000
0x137649fd4fbdf3ddd16be80c616ce762f0c4764822707acc3cf4c1c5b9e5e2fc,14,19000043,46577,20203438583,17203438583,139731000000000
0x18b9353c75720daba8efe21abac11c3883b54db21bb96368f709a31193c28645,15,19000043,21000,19618220508,17203438583,50710420425000
0xaac42683abf133849f6432ce0e11bc35b42b9e171484e3f3ef66cc5f3a8aba71,16,19000043,21000,19203438583,17203438583,42000000000000
0x40943f4bcda410a7ebdb738fd03123c16520e2bbf2e469942d9a4dbc2fba0c76,17,19000043,21000,19203438583,17203438583,42000000000000
0x193b261cb63f456f90809e87d4a74750541140a0d84ae37e6952b75a3b514d53,18,19000043,56796,19203438583,17203438583,113592000000000
0x6532b028d417a581d7c10cd8ce4f82361375a86a96b69f36ee2fafb1dc34af65,19,19000043,63209,19203438583,17203438583,126418000000000
0x5fd3c29abfa7f2a24c1d62e8fa62922a48592c4d418ea8d49795fa09ca039df1,20,19000043,21000,19203438583,17203438583,42000000000000
0x0bd06329dbbf3284ec505c636d4f9a156f2d4462181e1efaac29b33be357fd2d,21,19000043,55963,19203438583,17203438583,111926000000000
0x4d4b0859644a14abd4d8b232b101b81111738577fd80e79a6695163f562b96a4,22,19000043,21000,19203438583,17203438583,42000000000000
0xd8bf589b9887ee98b7e3e52d0790ef9fa6cf3e9be832cf3e5ef453eb2c1e9d4d,23,19000043,63209,19203438583,17203438583,126418000000000
0x5718638c9f9768c3cb8160e236b1fd8511fe5667848824acd467f0fa552f4c6a,24,19000043,21000,19203438583,17203438583,42000000000000
0x96ccfb678a61224c4f7ab9274692101425eab0105d8726807976bd99db730ec3,25,19000043,21000,19203438583,17203438583,42000000000000
0x6a8fd74b02185dab549124c03551f32ddab27b294b767060cb95563da0b5aa0a,26,19000043,53918,19203438583,17203438583,107836000000000
0x18852ef3f7c59ee8b2bd471d2ae11527e44de4d67f601e54b0a2b180a5ffac51,27,19000043,56722,19203438583,17203438583,113444000000000
0x07a74e0b64f1b2c89ab448dd4f803cc69f76b6a66a74f8500defe70a896b5743,28,19000043,21000,19203438583,17203438583,42000000000000
0xcd63d36b2c73a0b53609c37ef59c250db4280bee569688e24c509415e6492c88,29,19000043,46109,19000000000,17203438583,82837650376453
0x0655b227f58676cbd666171d0dcfc73890d15fb9b08a9949831d254fbf85be71,30,19000043,68249,18703438583,17203438583,102373500000000
0xa05dcf445d462755ed1a73fe365b771982d9fd0a8f8a743d5ddaa81d32ff4581,31,19000043,83733,18703438583,17203438583,125599500000000
0xc09d9d1a30c51c95b02fb1266139e0b01d58ba5013f83217b29ef1c1ea4f7dc2,32,19000043,550119,18703438583,17203438583,825178500000000
0xb289f6a9453690e20c783bf8f4b07598fd745e388725a42e95d0da714e22086d,33,19000043,104601,18703438583,17203438583,156901500000000
0x47192a96cd747ddb04e4528dd7a4d023ebfc27d933f88d0bec665875868d5cb7,34,19000043,21000,18203438583,17203438583,21000000000000
0xe262b21682747280e71398f996c635457256162302e1f9b197adcfed4735d5c4,35,19000043,189042,18203438583,17203438583,189042000000000
0x1d9af9d1118b6ffa20155b9f30f41ddef4e6124156a94a7c12c3e1b572623d8b,36,19000043,99539,18203438583,17203438583,99539000000000
0xae5ec7038754bda30e8c4d8318f1f0894e1403733a0e59e8946657e0020b373a,37,19000043,21000,18000000000,17203438583,16727789757000
0x85ce783a91dcb363a0d571708046ed45b7cc91598bf2fb3a4a1013cede805986,38,19000043,51450,18000000000,17203438583,40983084904650
0xe8b446338f13c55814d1e24845e6fc6d8b7cbca8d7a9f26622a4548b20cfc551,39,19000043,21000,17834745917,17203438583,13257454014000
0x7b37c8c0bb8632bb4d51f89c5966802a9bdccf4b348085ca6cb17abdb36f407e,40,19000043,87147,17703438583,17203438583,43573500000000
0x00000d025bb7c10ad7c8869e1752bbd9b3ccc7965e5a23470ae32be55e52698d,41,19000043,22824,17703438583,17203438583,11412000000000
0xa4c84ce91eba3dac7df7085f461bf302f2385735c5a2be68316943cc3bc739da,42,19000043,41321,17600924495,17203438583,16424515369752
0xdbc8654e1e7333574516702603c5a62969cf9d132d76c01487439f8046798485,43,19000043,21000,17403438583,17203438583,4200000000000
0xf6752f76739dedc2fbb87dad60b8119429cfdddb0034ed6b699528ab697886c0,44,19000043,130068,17303438583,17203438583,13006800000000
0x64cd425f419c4e3e30f483cecb1787d41fb4511f0b1355a67f6d6334a4d3e730,45,19000043,72407,17303438583,17203438583,7240700000000
0x4c4552da91bb695fedcd0187612b39a20b8e34ac700b2b78528be3e01936f187,46,19000043,21000,17303438583,17203438583,2100000000000
0x5e925f512431548d7ae19540aa6fb4a1e1ebb958e6e84afe207951cdab6b5596,47,19000043,198009,17303438583,17203438583,19800900000000
0x7cb7d9823dc71422d1b0ee537afe157b2c5f92fb2e06e7822e6f05c0a0eedd05,48,19000043,22728,17303438583,17203438583,2272800000000
0x425d73e8b1bd794e227e9f8ee87ac3c61ddc7d8f6b56369aebd98f97c5833b90,49,19000043,160114,17303438583,17203438583,16011400000000
0x43efaf0a97f409710ebff2e789bb81d6c94c47ab7a45d82f3686a5541d7901a5,50,19000043,47188,17303438583,17203438583,4718800000000
0x8b1bea7448517ad21c3d6328b8a1f4d321ff68e003c86eced35b0ad4c23bf960,51,19000043,204127,17303438583,17203438583,20412700000000
0x748a7f589e0503af33c2aa426a2a87ae7abb0b6d2667886ec2c0f712ffce1834,52,19000043,47198,17303438583,17203438583,4719800000000
0xe05cd837258dc8d1049d08b48e054853aa0162e7eb2664885d9b75ed482e4d29,53,19000043,21000,17303438583,17203438583,2100000000000
0xa531e9ce528777bc5821bdf3637849ccacb2b326ef1ea6cf4ee50c179f4930a9,54,19000043,22200,17303438583,17203438583,2220000000000
0xdb79cfc3b58ea6994f2a2d627b2125b205b030956a1e034cf57bc850ffdcd8e9,55,19000043,46679,17303438583,17203438583,4667900000000
0xbe42ba0a1fedd7d98a97ba77c01fdd8d7815b394338be573542114125b63f8d2,56,19000043,75777,17303438583,17203438583,7577700000000
0xc8df196619ac4a0abf3e9b0e8f46a81ccb0225134e4f13015344a186643f54b4,57,19000043,174993,17303438583,17203438583,17499300000000
0x8414b9cc3706163a624adfa7393b41a27c55428b494dd69da7930972884aabaf,58,19000043,22200,17303438583,17203438583,2220000000000
0xc9658b70cbe0cc519251f409c50388f90b034c9a7802bb3f944ebd720f726e52,59,19000043,46479,17303438583,17203438583,4647900000000
0x51e64a513b68938b7b52a65cc6aca49f5a7dd888a7bc47559a35e71551d54e99,60,19000043,21000,17303438583,17203438583,2100000000000
0x44987e75860b3af745ac80480290b190a170e0377a39f830f6d8967cddc3c1fe,61,19000043,55558,17303438583,17203438583,5555800000000
0x6c6bf3c116b63369e628868ebbc6035e20ace898c6631f84dedc06b6c72b6b1a,62,19000043,46083,17303438583,17203438583,4608300000000
0x333d22d25a012b57235fecc9f843f38306c4516fdf1e25c84628bc41bcbec0b8,63,19000043,153066,17303438583,17203438583,15306600000000
0x977d0420d009a3d2ad0e67e87a476bf2537673641233bfdf0ed416ef25da0409,64,19000043,45160,17293438583,17203438583,4064400000000
0xbefdf36242d349ddbd1f06c9a25e9cacacc9bf0feea07082955c986b7eb71ac9,65,19000043,365496,17253438583,17203438583,18274800000000
0x2ecce00a7f77bb8832d43c97cf5b6edec7e82d219df3fa6c6172c5da3c78a69d,66,19000043,46625,17251938583,17203438583,2261312500000
0x22892d10c810ba473a1d66864becf852203b718e3530b45ea29a57271d65e7c0,67,19000043,21000,17214438583,17203438583,231000000000
0x30892513caa2de33c7ba2016309203b4fef76128de81dd382efba9738801cec2,68,19000043,634964,17213438583,17203438583,6349640000000
0x990889809ffe0551707fc8e6d54c958657ef280524e4a5adeb83898d40a77ab5,69,19000043,1868632,17213438583,17203438583,18686320000000
0xe5471e38a26d0a0a8ebb8c8e7920ca7b87528fcc347fc83a2162a7b8107bf4a6,70,19000043,170461,17213438583,17203438583,1704610000000
0xbdc127931304c471435c0b5adf8f77e852ce8a908ee56f7a17ddccc2c1f6852b,71,19000043,21000,17213438583,17203438583,210000000000
0x2cb12b7db00db3409b9c27ed9a9e87eee37c9b06ad56a8a5aac8fc12c7de9b67,72,19000043,46362,17208649434,17203438583,241585474062
0x7ba8c6bca4d96b824540a5d0eb34379412d382ab2ff6d325adb7c77556a43755,73,19000043,133263,17208649434,17203438583,694413636813
0x8a502bc2f08c4680774a8ff9b03ed4f5821d0d16e31c50c39a3ea436c612cb63,74,19000043,35214,17208649434,17203438583,183494907114
